{"IsSyncEnabled":true,"AutoRun":false,"ShowInTaskbar":true,"TopMost":false,"SimplifiedSvg":true,"IsDarkModeWasEnabled":false,"FixMode":false,"LastChoosenColor":null,"LastChoosenSecondaryColor":null,"RateUsCounter":0,"DontAskAgainRateUs":false,"LastVersion":"9.6.8","Ids":null,"NewsViewed":[],"Auth":{"Id":"0123","PublicApiKey":"4567","Token":"8901","Email":"pichon@icons8.com","Name":"RadiXX11","AllowedPrivateProducts":null,"Roles":{"IsAdmin":true,"IsDesigner":true,"IsSuperDesigner":true,"IsEditor":true},"Allowances":[{"Resource":"icon","AccountingType":"pro","IsUnlimited":true,"UsagesLeft":2147483647,"AllowOverusage":true}],"Success":true,"Error":null}}